2201,SY76,FROM HUB
2205,SY76,FROM HUB
1635,SY76,FROM HUB
2226,SY76,FROM HUB
10784,SY76,FROM HUB
2165,SY76,FROM HUB
9109,SY76,FROM HUB
5529,SY76,FROM HUB
5538,SY76,FROM HUB
5557,SY76,FROM HUB
7618,SY76,FROM HUB
5559,SY76,FROM HUB
8415,SY76,FROM HUB
5593,SY76,FROM HUB
8416,SY76,FROM HUB
8417,SY76,FROM HUB
5643,SY76,FROM HUB
5651,SY76,FROM HUB
4086,SY76,FROM HUB
8439,SY76,FROM HUB
8440,SY76,FROM HUB
8441,SY76,FROM HUB
8442,SY76,FROM HUB
14401,SY76,FROM HUB
1744,SY76,FROM HUB
5731,SY76,FROM HUB
5732,SY76,FROM HUB
5741,SY76,FROM HUB
1755,SY76,FROM HUB
18235,SY76,FROM HUB
17872,SY76,FROM HUB
18279,SY76,FROM HUB
8149,SY76,TO HUB
2691,SY76,TO HUB
8154,SY76,TO HUB
8155,SY76,TO HUB
8156,SY76,TO HUB
8157,SY76,TO HUB
12010,SY76,TO HUB
8444,SY76,TO HUB
1760,SY76,TO HUB
5739,SY76,TO HUB
5734,SY76,TO HUB
1740,SY76,TO HUB
8419,SY76,TO HUB
22,SY76,TO HUB
8422,SY76,TO HUB
8423,SY76,TO HUB
8424,SY76,TO HUB
8425,SY76,TO HUB
14399,SY76,TO HUB
8426,SY76,TO HUB
8427,SY76,TO HUB
8428,SY76,TO HUB
8429,SY76,TO HUB
8430,SY76,TO HUB
8431,SY76,TO HUB
8432,SY76,TO HUB
11309,SY76,TO HUB
7619,SY76,TO HUB
5551,SY76,TO HUB
5540,SY76,TO HUB
5530,SY76,TO HUB
2172,SY76,TO HUB
1718,SY76,TO HUB
9150,SY76,TO HUB
2228,SY76,TO HUB
2215,SY76,TO HUB
2214,SY76,TO HUB
2199,SY76,TO HUB
2192,SY76,TO HUB
2186,SY76,TO HUB
2182,SY76,TO HUB
2175,SY76,TO HUB
2166,SY76,TO HUB
2160,SY76,TO HUB
2155,SY76,TO HUB
18021,SY76,TO HUB
2137,SY76,TO HUB
6629,SY76,TO HUB
17676,SY76,TO HUB
17677,SY76,TO HUB
7987,SY76,TO HUB
17652,SY76,FROM HUB
102,SY76,FROM HUB
6604,SY76,FROM HUB
6628,SY76,FROM HUB
6635,SY76,FROM HUB
14398,SY76,FROM HUB
2141,SY76,FROM HUB
2145,SY76,FROM HUB
2149,SY76,FROM HUB
2153,SY76,FROM HUB
2157,SY76,FROM HUB
2163,SY76,FROM HUB
2169,SY76,FROM HUB
7989,SY76,FROM HUB
11185,SY76,FROM HUB
2184,SY76,FROM HUB
8418,SY76,TO HUB
5652,SY76,TO HUB
5714,SY76,TO HUB
1745,SY76,TO HUB
7888,SY76,TO HUB
12009,SY76,TO HUB
3724,SY76,TO HUB
